Data Value,value_std,Name_Ozone (O3),Name_Sulfur Dioxide (So2),Geo Type Name_Cd,Geo Type Name_Citywide,Geo Type Name_Uhf34,Geo Type Name_Uhf42,Geo Place Name_Bayside - Little Neck,Geo Place Name_Bayside And Little Neck (Cd11),Geo Place Name_Bayside Little Neck-Fresh Meadows,Geo Place Name_Bedford Stuyvesant (Cd3),Geo Place Name_Bedford Stuyvesant - Crown Heights,Geo Place Name_Belmont And East Tremont (Cd6),Geo Place Name_Bensonhurst (Cd11),Geo Place Name_Bensonhurst - Bay Ridge,Geo Place Name_Borough Park,Geo Place Name_Borough Park (Cd12),Geo Place Name_Bronx,Geo Place Name_Brooklyn,Geo Place Name_Brownsville (Cd16),Geo Place Name_Bushwick (Cd4),Geo Place Name_Canarsie - Flatlands,Geo Place Name_Central Harlem (Cd10),Geo Place Name_Central Harlem - Morningside Heights,Geo Place Name_Chelsea - Clinton,Geo Place Name_Chelsea-Village,Geo Place Name_Clinton And Chelsea (Cd4),Geo Place Name_Coney Island (Cd13),Geo Place Name_Coney Island - Sheepshead Bay,Geo Place Name_Crotona -Tremont,Geo Place Name_Crown Heights And Prospect Heights (Cd8),Geo Place Name_Downtown - Heights - Slope,Geo Place Name_East Flatbush (Cd17),Geo Place Name_East Flatbush - Flatbush,Geo Place Name_East Harlem,Geo Place Name_East Harlem (Cd11),Geo Place Name_East New York,Geo Place Name_East New York And Starrett City (Cd5),Geo Place Name_Elmhurst And Corona (Cd4),Geo Place Name_Financial District (Cd1),Geo Place Name_Flatbush And Midwood (Cd14),Geo Place Name_Flatlands And Canarsie (Cd18),Geo Place Name_Flushing - Clearview,Geo Place Name_Flushing And Whitestone (Cd7),Geo Place Name_Fordham - Bronx Pk,Geo Place Name_Fordham And University Heights (Cd5),Geo Place Name_Fort Greene And Brooklyn Heights (Cd2),Geo Place Name_Fresh Meadows,Geo Place Name_Gramercy Park - Murray Hill,Geo Place Name_Greenpoint,Geo Place Name_Greenpoint And Williamsburg (Cd1),Geo Place Name_Greenwich Village - Soho,Geo Place Name_Greenwich Village And Soho (Cd2),Geo Place Name_High Bridge - Morrisania,Geo Place Name_Highbridge And Concourse (Cd4),Geo Place Name_Hillcrest And Fresh Meadows (Cd8),Geo Place Name_Hunts Point - Mott Haven,Geo Place Name_Hunts Point And Longwood (Cd2),Geo Place Name_Jackson Heights (Cd3),Geo Place Name_Jamaica,Geo Place Name_Jamaica And Hollis (Cd12),Geo Place Name_Kew Gardens And Woodhaven (Cd9),Geo Place Name_Kingsbridge - Riverdale,Geo Place Name_Kingsbridge Heights And Bedford (Cd7),Geo Place Name_Long Island City - Astoria,Geo Place Name_Long Island City And Astoria (Cd1),Geo Place Name_Lower East Side And Chinatown (Cd3),Geo Place Name_Lower Manhattan,Geo Place Name_Manhattan,Geo Place Name_Midtown (Cd5),Geo Place Name_Morningside Heights And Hamilton Heights (Cd9),Geo Place Name_Morris Park And Bronxdale (Cd11),Geo Place Name_Morrisania And Crotona (Cd3),Geo Place Name_Mott Haven And Melrose (Cd1),Geo Place Name_New York City,Geo Place Name_Northeast Bronx,Geo Place Name_Northern Si,Geo Place Name_Park Slope And Carroll Gardens (Cd6),Geo Place Name_Parkchester And Soundview (Cd9),Geo Place Name_Pelham - Throgs Neck,Geo Place Name_Port Richmond,Geo Place Name_Queens,Geo Place Name_Queens Village (Cd13),Geo Place Name_Rego Park And Forest Hills (Cd6),Geo Place Name_Ridgewood - Forest Hills,Geo Place Name_Ridgewood And Maspeth (Cd5),Geo Place Name_Riverdale And Fieldston (Cd8),Geo Place Name_Rockaway And Broad Channel (Cd14),Geo Place Name_Rockaways,Geo Place Name_Sheepshead Bay (Cd15),Geo Place Name_South Beach - Tottenville,Geo Place Name_South Beach And Willowbrook (Cd2),Geo Place Name_South Bronx,Geo Place Name_South Crown Heights And Lefferts Gardens (Cd9),Geo Place Name_South Ozone Park And Howard Beach (Cd10),Geo Place Name_Southeast Queens,Geo Place Name_Southern Si,Geo Place Name_Southwest Queens,Geo Place Name_St. George And Stapleton (Cd1),Geo Place Name_Stapleton - St. George,Geo Place Name_Staten Island,Geo Place Name_Stuyvesant Town And Turtle Bay (Cd6),Geo Place Name_Sunset Park,Geo Place Name_Sunset Park (Cd7),Geo Place Name_Throgs Neck And Co-Op City (Cd10),Geo Place Name_Tottenville And Great Kills (Cd3),Geo Place Name_Union Square - Lower East Side,Geo Place Name_Union Square-Lower Manhattan,Geo Place Name_Upper East Side,Geo Place Name_Upper East Side (Cd8),Geo Place Name_Upper East Side-Gramercy,Geo Place Name_Upper West Side,Geo Place Name_Upper West Side (Cd7),Geo Place Name_Washington Heights,Geo Place Name_Washington Heights And Inwood (Cd12),Geo Place Name_West Queens,Geo Place Name_Williamsbridge And Baychester (Cd12),Geo Place Name_Williamsburg - Bushwick,Geo Place Name_Willowbrook,Geo Place Name_Woodside And Sunnyside (Cd2),Season_Summer,Season_Winter,pollutant_O3,pollutant_SO2